<?xml version="1.0"?>
<config xmlns:xsi="http://www.w3.org/2001/XMLSchema-instance" xsi:noNamespaceSchemaLocation="urn:magento:framework:Acl/etc/acl.xsd">
    <acl>
        <resources>
            <resource id="Magento_Backend::admin">
                <resource id="Embitel_Storelocator::main" title="Store" translate="title" sortOrder="100">
                    <resource id="Embitel_Storelocator::storelocator" title="Store" translate="title" sortOrder="100" />
                </resource>
            </resource>
        </resources>
    </acl>
</config>
