<?xml version="1.0"?>

<schema xmlns:xsi="http://www.w3.org/2001/XMLSchema-instance" xsi:noNamespaceSchemaLocation="urn:magento:framework:Setup/Declaration/Schema/etc/schema.xsd">

 <table name="store_locator">

 <column xsi:type="int" name="entity_id" padding="20"  identity="true" nullable="false" comment="ID" />
 <column xsi:type="varchar" name="store_id" length="25" nullable="false" comment="Store ID" />
 <column xsi:type="varchar" name="store_name" length="100" nullable="false" comment="Store Name" />
 <column xsi:type="varchar" name="store_address" length="100" nullable="false" comment="Address" />
 <column xsi:type="varchar" name="mobile_number" length="100" nullable="false" comment="Mobile Number" />
 <column xsi:type="varchar" name="store_city" length="100" nullable="false" comment="City" />
 <column xsi:type="blob" name="360_image" nullable="true" comment="360-degree Image"/>
<column xsi:type="decimal" name="latitude" precision="10" scale="8" nullable="false" comment="Latitude"/>
<column xsi:type="decimal" name="longitude" precision="11" scale="8" nullable="false" comment="Longitude"/>
 <column xsi:type="timestamp" name="created_at" nullable="false" default="CURRENT_TIMESTAMP" on_update="false" comment="Created Date and Time"/>
 <column xsi:type="timestamp" name="updated_at" nullable="true" default="CURRENT_TIMESTAMP" on_update="true" comment="Updated Date and Time"/>

 <constraint xsi:type="primary" referenceId="PRIMARY">

 <column name="entity_id" />

 </constraint>

 </table>

</schema>




