<?xml version="1.0"?>
<config xmlns:xsi="http://www.w3.org/2001/XMLSchema-instance" xsi:noNamespaceSchemaLocation="urn:magento:framework:ObjectManager/etc/config.xsd">
    <type name="Embitel\Storelocator\Model\ResourceModel\Employee\Grid\Collection">
        <arguments>
            <argument name="mainTable" xsi:type="string">store_locator</argument>
            <argument name="eventPrefix" xsi:type="string">grid_store_collection</argument>
            <argument name="eventObject" xsi:type="string">grid_store_collection</argument>
            <argument name="resourceModel" xsi:type="string">Embitel\Storelocator\Model\ResourceModel\Employee</argument>
        </arguments>
    </type>
    <type name="Magento\Framework\View\Element\UiComponent\DataProvider\CollectionFactory">
        <arguments>
            <argument name="collections" xsi:type="array">
                <item name="grid_store_data_source" xsi:type="string">Embitel\Storelocator\Model\ResourceModel\Employee\Grid\Collection</item>
            </argument>
        </arguments>
    </type>
</config> 

